,X_Minimum,X_Maximum,Y_Minimum,Y_Maximum,Pixels_Areas,X_Perimeter,Y_Perimeter,Sum_of_Luminosity,Minimum_of_Luminosity,Maximum_of_Luminosity,Length_of_Conveyer,Steel_Plate_Thickness,Edges_Index,Empty_Index,Square_Index,Outside_X_Index,Edges_X_Index,Edges_Y_Index,Outside_Global_Index,LogOfAreas,Log_X_Index,Log_Y_Index,Orientation_Index,Luminosity_Index,SigmoidOfAreas,class
X_Minimum,0,0,0.00129,0.00129,0.000352,0.00188,0.000162,2.9e-07,6.57e-06,9.38e-11,0.00237,0.348,0.0143,0.0816,4.44e-07,0.00742,,,0.609,0.000352,0.0369,0.00193,0.0869,6.23e-10,0.000384,0.000976
X_Maximum,0,0,0.00101,0.00101,0.00199,0.014,0.000713,3.57e-06,7.55e-06,2.38e-10,0.0028,0.302,0.0163,0.187,1.46e-06,0.0525,,,0.371,0.00199,0.182,0.00307,0.0326,1.15e-09,0.00255,0.00142
Y_Minimum,0.00129,0.00101,0,0,0.0114,0.0923,8.12e-06,0.000589,0.000475,0.0251,0.349,5.85e-17,0.0525,0.0049,0.000691,0.407,,,0.00585,0.0114,0.246,3.5e-05,1.2e-05,0.0126,0.00525,3.84e-16
Y_Maximum,0.00129,0.00101,0,0,0.0114,0.0924,8.16e-06,0.000591,0.000475,0.0251,0.349,5.87e-17,0.0525,0.0049,0.000691,0.407,,,0.00586,0.0114,0.246,3.52e-05,1.2e-05,0.0126,0.00526,3.86e-16
Pixels_Areas,0.000352,0.00199,0.0114,0.0114,0,5.38e-189,0,0,9.05e-10,0.0124,0.0144,0.887,0.000115,4.62e-24,9.9e-16,1.19e-98,,,2.55e-09,0,1.76e-99,8.49e-269,5.35e-21,1.54e-07,0,0.00773
X_Perimeter,0.00188,0.014,0.0923,0.0924,5.38e-189,0,2.19e-175,2.43e-207,0.00862,7.68e-05,0.00178,0.979,0.00795,3.13e-115,3.82e-30,7.31e-251,,,8.31e-07,5.38e-189,1.4e-249,5.66e-79,0.0117,0.00117,3.72e-279,2.71e-08
Y_Perimeter,0.000162,0.000713,8.12e-06,8.16e-06,0,2.19e-175,0,0,0.455,0.0666,1.77e-06,0.105,3.65e-10,7.25e-69,8.71e-40,1.04e-53,,,8.08e-23,0,2.18e-48,0,3.23e-53,0.0336,0,2.81e-08
Sum_of_Luminosity,2.9e-07,3.57e-06,0.000589,0.000591,0,2.43e-207,0,0,0.467,0.00382,0.000289,0.536,0.00351,5.64e-31,3.61e-18,5.47e-112,,,1.25e-06,0,1.71e-109,3.89e-235,4.47e-16,0.522,0,0.0014
Minimum_of_Luminosity,6.57e-06,7.55e-06,0.000475,0.000475,9.05e-10,0.00862,0.455,0.467,0,4.68e-126,9.63e-15,1.43e-07,0.0152,2.14e-30,0.000855,0.00324,,,2.88e-10,9.05e-10,0.21,4.8e-08,9.84e-11,0,0.014,1.54e-07
Maximum_of_Luminosity,9.38e-11,2.38e-10,0.0251,0.0251,0.0124,7.68e-05,0.0666,0.00382,4.68e-126,0,0.0024,0.0164,6.22e-06,0.00017,0.142,7.62e-11,,,9.4e-14,0.0124,2.24e-09,1.84e-07,6.53e-20,2.12e-305,0.328,0.295
Length_of_Conveyer,0.00237,0.0028,0.349,0.349,0.0144,0.00178,1.77e-06,0.000289,9.63e-15,0.0024,0,1.62e-06,0.794,5e-06,2.81e-05,2.65e-11,,,0.991,0.0144,0.311,0.00337,0.275,4.13e-08,0.000407,0.00984
Steel_Plate_Thickness,0.348,0.302,5.85e-17,5.87e-17,0.887,0.979,0.105,0.536,1.43e-07,0.0164,1.62e-06,0,0.00102,0.0271,0.00128,0.00622,,,0.0199,0.887,0.0768,0.0251,0.000224,1.6e-07,0.565,0.00274
Edges_Index,0.0143,0.0163,0.0525,0.0525,0.000115,0.00795,3.65e-10,0.00351,0.0152,6.22e-06,0.794,0.00102,0,0.00126,1.03e-11,0.511,,,2.03e-07,0.000115,0.56,3.6e-12,4.98e-12,0.000218,5.58e-05,1.82e-07
Empty_Index,0.0816,0.187,0.0049,0.0049,4.62e-24,3.13e-115,7.25e-69,5.64e-31,2.14e-30,0.00017,5e-06,0.0271,0.00126,0,6.53e-14,4.19e-78,,,1.4e-07,4.62e-24,1.23e-70,4.78e-26,0.00329,2.13e-14,3.72e-79,4.69e-11
Square_Index,4.44e-07,1.46e-06,0.000691,0.000691,9.9e-16,3.82e-30,8.71e-40,3.61e-18,0.000855,0.142,2.81e-05,0.00128,1.03e-11,6.53e-14,0,5.54e-05,,,3.65e-05,9.9e-16,0.00096,5.34e-21,1.38e-20,0.00206,1.31e-18,4.8e-19
Outside_X_Index,0.00742,0.0525,0.407,0.407,1.19e-98,7.31e-251,1.04e-53,5.47e-112,0.00324,7.62e-11,2.65e-11,0.00622,0.511,4.19e-78,5.54e-05,0,,,6.18e-49,1.19e-98,0,4.56e-13,9.94e-55,8.98e-07,1e-140,0.000273
Edges_X_Index,,,,,,,,,,,,,,,,,,,,,,,,,,
Edges_Y_Index,,,,,,,,,,,,,,,,,,,,,,,,,,
Outside_Global_Index,0.609,0.371,0.00585,0.00586,2.55e-09,8.31e-07,8.08e-23,1.25e-06,2.88e-10,9.4e-14,0.991,0.0199,2.03e-07,1.4e-07,3.65e-05,6.18e-49,,,0,2.55e-09,1.22e-53,1.46e-71,2.99e-318,2.8e-13,0.000792,0.552
LogOfAreas,0.000352,0.00199,0.0114,0.0114,0,5.38e-189,0,0,9.05e-10,0.0124,0.0144,0.887,0.000115,4.62e-24,9.9e-16,1.19e-98,,,2.55e-09,0,1.76e-99,8.49e-269,5.35e-21,1.54e-07,0,0.00773
Log_X_Index,0.0369,0.182,0.246,0.246,1.76e-99,1.4e-249,2.18e-48,1.71e-109,0.21,2.24e-09,0.311,0.0768,0.56,1.23e-70,0.00096,0,,,1.22e-53,1.76e-99,0,3.56e-11,4.71e-62,0.000174,1.13e-137,0.00169
Log_Y_Index,0.00193,0.00307,3.5e-05,3.52e-05,8.49e-269,5.66e-79,0,3.89e-235,4.8e-08,1.84e-07,0.00337,0.0251,3.6e-12,4.78e-26,5.34e-21,4.56e-13,,,1.46e-71,8.49e-269,3.56e-11,0,1.06e-141,1.32e-10,8.75e-252,0.000743
Orientation_Index,0.0869,0.0326,1.2e-05,1.2e-05,5.35e-21,0.0117,3.23e-53,4.47e-16,9.84e-11,6.53e-20,0.275,0.000224,4.98e-12,0.00329,1.38e-20,9.94e-55,,,2.99e-318,5.35e-21,4.71e-62,1.06e-141,0,2.98e-17,2.99e-12,0.133
Luminosity_Index,6.23e-10,1.15e-09,0.0126,0.0126,1.54e-07,0.00117,0.0336,0.522,0,2.12e-305,4.13e-08,1.6e-07,0.000218,2.13e-14,0.00206,8.98e-07,,,2.8e-13,1.54e-07,0.000174,1.32e-10,2.98e-17,0,0.00851,0.000108
SigmoidOfAreas,0.000384,0.00255,0.00525,0.00526,0,3.72e-279,0,0,0.014,0.328,0.000407,0.565,5.58e-05,3.72e-79,1.31e-18,1e-140,,,0.000792,0,1.13e-137,8.75e-252,2.99e-12,0.00851,0,9.59e-05
class,0.000976,0.00142,3.84e-16,3.86e-16,0.00773,2.71e-08,2.81e-08,0.0014,1.54e-07,0.295,0.00984,0.00274,1.82e-07,4.69e-11,4.8e-19,0.000273,,,0.552,0.00773,0.00169,0.000743,0.133,0.000108,9.59e-05,0
