Požymis              , Minimumas, 1-as kvartilis, Mediana     , Vidurkis    , 3-as kvartilis, Maksimumas   , Std. nuokrypis
X_Minimum            , 0.0000   , 253.7500      , 758.5000    , 728.3640    , 1126.0000     ,     1705.0000,       495.8479
X_Maximum            , 4.0000   , 280.0000      , 783.5000    , 751.8686    , 1144.2500     ,     1713.0000,       494.4085
Y_Minimum            , 6712.0000, 397585.7500   , 1059073.5000, 1685122.2785, 2312779.0000  , 12806495.0000,   1905266.3371
Y_Maximum            , 6724.0000, 397688.2500   , 1059104.0000, 1685150.7923, 2312786.7500  , 12806520.0000,   1905263.9070
Pixels_Areas         , 15.0000  , 80.0000       , 136.5000    , 464.6783    , 269.0000      ,    37334.0000,      1675.0969
X_Perimeter          , 4.0000   , 14.0000       , 21.0000     , 44.7436     , 41.0000       ,     1275.0000,        84.8026
Y_Perimeter          , -207.0000, 12.0000       , 19.0000     , 35.7169     , 33.0000       ,      903.0000,        59.5645
Sum_of_Luminosity    , 1826.0000, 8920.0000     , 14919.0000  , 48977.2675  , 28966.7500    ,  3918209.0000,    175683.7252
Minimum_of_Luminosity, 0.0000   , 80.0000       , 95.0000     , 92.7206     , 107.0000      ,      203.0000,        25.3190
Maximum_of_Luminosity, 37.0000  , 124.0000      , 127.0000    , 129.4807    , 135.0000      ,      253.0000,        18.9106
Length_of_Conveyer   , 1227.0000, 1360.0000     , 1374.0000   , 1499.8520   , 1687.0000     ,     1794.0000,       158.0112
Steel_Plate_Thickness, 40.0000  , 50.0000       , 70.0000     , 92.9651     , 100.0000      ,      300.0000,        64.0799
Edges_Index          , 0.0000   , 0.1324        , 0.3808      , 0.4071      , 0.6568        ,        0.9952,         0.2933
Empty_Index          , 0.0368   , 0.2917        , 0.3929      , 0.4083      , 0.5054        ,        2.4297,         0.1698
Square_Index         , 0.0090   , 0.3846        , 0.6250      , 0.6007      , 0.8444        ,        1.0000,         0.2714
Outside_X_Index      , 0.0022   , 0.0066        , 0.0089      , 0.0172      , 0.0152        ,        0.8759,         0.0430
Edges_X_Index        , 0.0782   , 0.5116        , 0.6897      , 0.6591      , 0.8333        ,        1.0000,         0.2229
Edges_Y_Index        , 0.0484   , 0.7899        , 0.9821      , 0.8640      , 1.0000        ,        1.0000,         0.2057
Outside_Global_Index , 0.0000   , 0.0000        , 1.0000      , 0.6048      , 1.0000        ,        1.0000,         0.4734
LogOfAreas           , 1.1761   , 1.9031        , 2.1287      , 2.2313      , 2.4220        ,        4.5721,         0.4730
Log_X_Index          , 0.4771   , 1.0000        , 1.1461      , 1.2044      , 1.3424        ,        3.0741,         0.3112
Log_Y_Index          , 0.3010   , 1.0414        , 1.2041      , 1.2653      , 1.4314        ,        2.6149,         0.3562
Orientation_Index    , -0.9910  , -0.1958       , 0.1277      , 0.1040      , 0.4683        ,        0.9467,         0.4717
Luminosity_Index     , -0.8850  , -0.2022       , -0.1279     , -0.1327     , -0.0640       ,        0.6421,         0.1445
SigmoidOfAreas       , 0.1322   , 0.2359        , 0.3763      , 0.5011      , 0.7933        ,        1.0000,         0.3029
