Požymis              , Minimumas, 1-as kvartilis, Mediana    , Vidurkis    , 3-as kvartilis, Maksimumas   , Std. nuokrypis
X_Minimum            , 0.0000   , 213.0000      , 662.0000   , 694.3529    , 1129.0000     ,     1705.0000,       511.5708
X_Maximum            , 4.0000   , 228.0000      , 708.0000   , 713.7122    , 1142.0000     ,     1713.0000,       511.0255
Y_Minimum            , 6712.0000, 272159.0000   , 864919.0000, 1395003.2242, 1915213.0000  , 12416454.0000,   1806984.5460
Y_Maximum            , 6724.0000, 272168.0000   , 865043.0000, 1395029.7886, 1915220.0000  , 12416473.0000,   1806981.7628
Pixels_Areas         , 15.0000  , 77.0000       , 138.0000   , 270.0684    , 271.0000      ,     2293.0000,       360.5906
X_Perimeter          , 4.0000   , 14.0000       , 23.0000    , 36.0493     , 42.0000       ,      365.0000,        36.4145
Y_Perimeter          , 2.0000   , 13.0000       , 21.0000    , 31.8696     , 36.0000       ,      268.0000,        34.4120
Sum_of_Luminosity    , 1826.0000, 8595.0000     , 16070.0000 , 27912.6280  , 29386.0000    ,   287273.0000,     36152.9778
Minimum_of_Luminosity, 0.0000   , 82.0000       , 99.0000    , 96.2496     , 112.0000      ,      203.0000,        27.4103
Maximum_of_Luminosity, 37.0000  , 119.0000      , 127.0000   , 129.6471    , 140.0000      ,      253.0000,        21.8440
Length_of_Conveyer   , 1227.0000, 1360.0000     , 1373.0000  , 1488.9968   , 1687.0000     ,     1715.0000,       154.8190
Steel_Plate_Thickness, 40.0000  , 40.0000       , 70.0000    , 102.9428    , 143.0000      ,      300.0000,        74.0786
Edges_Index          , 0.0000   , 0.1170        , 0.3142     , 0.3753      , 0.6206        ,        0.9952,         0.2890
Empty_Index          , 0.0368   , 0.3148        , 0.4187     , 0.4175      , 0.5225        ,        0.8888,         0.1405
Square_Index         , 0.0294   , 0.3429        , 0.5454     , 0.5562      , 0.8000        ,        1.0000,         0.2729
Outside_X_Index      , 0.0022   , 0.0066        , 0.0095     , 0.0132      , 0.0148        ,        0.1103,         0.0126
Edges_X_Index        , 0.0909   , 0.4741        , 0.6471     , 0.6437      , 0.8333        ,        1.0000,         0.2318
Edges_Y_Index        , 0.1312   , 0.7222        , 0.9412     , 0.8471      , 1.0000        ,        1.0000,         0.2023
Outside_Global_Index , 0.0000   , 0.0000        , 1.0000     , 0.6002      , 1.0000        ,        1.0000,         0.4775
LogOfAreas           , 1.1761   , 1.8865        , 2.1367     , 2.1992      , 2.4281        ,        3.3604,         0.4039
Log_X_Index          , 0.4771   , 1.0000        , 1.1461     , 1.1886      , 1.3424        ,        2.1761,         0.2659
Log_Y_Index          , 0.3010   , 1.0414        , 1.2305     , 1.2594      , 1.4472        ,        2.3838,         0.3610
Orientation_Index    , -0.9706  , -0.2500       , 0.1667     , 0.1110      , 0.5343        ,        0.9467,         0.5093
Luminosity_Index     , -0.8850  , -0.2022       , -0.1166    , -0.1212     , -0.0339       ,        0.6421,         0.1693
SigmoidOfAreas       , 0.1322   , 0.2432        , 0.3882     , 0.5070      , 0.7955        ,        1.0000,         0.3008
